Job Id,Job URL,Job Salary Range,Work Type,Job Posting Date,Job Title,Job Description,skills,Company,Broader Category,Job Minimum Experience
MCF-2024-1471147,https://www.mycareersfuture.gov.sg/job/information-technology/product-manager-telecommunication-sector-persolkelly-singapore-10e26a3765064d26a9b133ef2f56752c?source=MCF&event=Search,"$8,000to$13,000",Permanent,Posted 05 Oct 2024,Product Manager - Telecommunication Sector (PRIT),"Responsibilities:
Product Development: Lead the complete product lifecycle from concept to launch, ensuring offerings are competitive and exceed market expectations.
Market Insight & Innovation: Gain a deep understanding of the needs of Requesting Licensees (RLs) and End Users (EUs), identifying gaps and creating innovative solutions to distinguish our offerings in the market.
Cross-Functional Leadership: Work collaboratively with teams from Business Development, Regulatory, Planning, Operations, IT, and Finance to ensure smooth product delivery and support.
Regulatory Engagement: Actively participate in regulatory discussions, providing insights to manage ongoing and ad-hoc regulatory issues that may affect product offerings or processes.
Financial & Capacity Management: Manage product budgets, forecast revenue, and optimize capacity planning to ensure availability, accessibility, and affordability.
Performance Monitoring & Optimization: Track product performance, implement corrective actions as needed, and continuously refine features, pricing, and business processes to maintain a competitive edge.
Customer-Centric Customization: Directly engage with customers to understand their unique needs, offering customized solutions that boost satisfaction and loyalty.
Compliance & Quality Assurance: Ensure all products and processes meet the necessary regulatory standards.
Requirements:
Degree in Business, Engineering, IT, or a related field.
3–5 years of experience in Product Management within a telecommunications or IT environment (candidates with more than 5 years of experience may be considered for a Senior Product Manager role).
Proven experience with financial modeling and developing business cases.
Strong customer-focused mindset, with the ability to translate complex needs into strategic solutions.
Exceptional multitasking skills and the ability to manage KPIs, ensuring high-quality outcomes.
Demonstrated leadership, team-building, and critical thinking skills.

Interested candidates who wish to apply for the advertised position, please click on “Apply”. We regret that only shortlisted candidates will be notified.

EA License No.: 01C4394 (PERSOLKELLY Singapore PTE LTD)

By sending us your personal data and curriculum vitae (CV), you are deemed to consent to PERSOLKELLY Singapore Pte Ltd and its affiliates to collect, use and disclose your personal data for the purposes set out in the Privacy Policy available at https://www.persolkelly.com.sg/policies. You acknowledge that you have read, understood, and agree with the Privacy Policy.","Harbour
Microsoft PowerPoint
Leadership
Windows Networking
Quality Assurance
Telephony
Telecommunications Management
Voice Services
Telephone Systems
Telecommunications
VoIP
Product Development
Customer Communication
Business Development
Delivery Management",PERSOLKELLY SINGAPORE PTE. LTD.,Information Technology,5 years exp
MCF-2024-1465292,https://www.mycareersfuture.gov.sg/job/information-technology/cloud-engineer-12-months-contract-kas-persolkelly-singapore-55d5a9913f80f52c024d52a798e189a9?source=MCF&event=Search,"$8,500to$10,500","Contract, Full Time",Posted 04 Oct 2024,Cloud Engineer (Certified with AWS / Azure) - 12 months contract - KAS,"MUST BE: AWS SysOps Certified or Azure Administrator Certified
Primary:Windows Server 2019, IAM, ECS and EKS in AWS/Azure
Secondary:Nutanix, Microsoft SCCM, Active Directory Services, Backup Infrastructure, VMware vCentre

Requirements:
AWS SysOps Certified or Azure Administrator Certified is a must
Possess the relevant qualifications and/or be proficient in the following areas:
Minimally Five (5) years hands-on experience in administration of On-Premise Servers and Cloud Operations (AWS and Azure).
Working experience with IAM, ECS and EKS in AWS/Azure
Working experience with Route Tables, NACL, Security Groups, NSG
With DevOps experience e.g. CI/CD pipeline building and management
Very good working experience with Terraform using Ship/Hats
Good working experience with Linux and Windows platform
Good working experience with Microsoft Hyper-V, VMWare ESXi’s & vCenter, Nutanix, Azure and AWS experience
Very proficient with Windows Operating Systems 2012/2016/2019/2022 Server
Very proficient in Active Directory, DHCP, DNS, Group Policy, IIS, SCCM, WSUS, Windows Cluster
Preferably experience in Commvault/Netbackup Veritas Backup Products
Preferably experience in TrendMicro/Symantec Anti-virus products
Exposure with cloud automation tools such as Terraform, Chef etc
Knowledge with storage products is an advantage
Resourcefulness and problem-solving aptitude
Proficient in coordinating and communicating customer requirements
Proficient in Windows scripting, powershell or any other scripting language
Able to handle demanding service response and recovery turnaround
Able to manage daily support tasks to meet stringent SLA requirements
Good understanding with Application tiers, IIS, Databases
Good understanding with Change Management processes
Having experience in WOG environment is a plus
Regular 8x5 support (shift rotation but no graveyard), required to be on standby for 7x24 support. Expected to work during off-peak hours on system activities
Basic understanding of Linux OS and willing to be cross trained in Linux/Unix environment
Basic Networking knowledge is a plus
Preferably certified in RHEL, Microsoft Certified Systems Engineer (MCSE), Microsoft Certified Systems Administrator (MCSA), ITIL or equivalent.
Responsibilities:
Install and configure software and hardware
Manage servers and other related technology tools
Set up accounts and servers
Monitor performance and maintain systems according to requirements
Work with users and vendors to take timely and appropriate steps to resolve and troubleshoot issues impacting service levels and conduct root cause analysis
Ensure security through access controls, backups and hosts firewalls
Ensure patching is done monthly and systems are upgraded with new releases and models
Ensure systems always comply with security policies, including vulnerability assessment, patching, and hardening.
Respond promptly to Incidents and SRs
Generate and Review Accounts monthly or as per required
Researching and recommending new approaches to improve the computer system.
Providing technical support when requested within and after office hours
Develop expertise to train staff on new technologies
Build an internal technical documentation, manuals and IT policies

To Apply:
Interested candidate please click ""APPLY"" to begin your job search journey and submit your CV directly through the official PERSOLKELLY job application platform - GO Mobile.
We regret that only shortlisted applicants would be notified.
This is in partnership with Employment and Employability Institute Pte Ltd (“e2i”). e2i is the empowering network for workers and employers seeking employment and employability solutions. e2i serves as a bridge between workers and employers, connecting with workers to offer job security through job-matching, career guidance and skills upgrading services, and partnering employers to address their manpower needs through recruitment, training and job redesign solutions. e2i is a tripartite initiative of the National Trades Union Congress set up to support nation-wide manpower and skills upgrading initiatives. By applying for this role, you consent to e2i’s PDPA.
By sending us your personal data and curriculum vitae (CV), you are deemed to consent to PERSOLKELLY Singapore Pte Ltd and its affiliates to collect, use and disclose your personal data for the purposes set out in the Privacy Policy available at https://www.persolkelly.com.sg/policies. You acknowledge that you have read, understood, and agree with the Privacy Policy.

PERSOLKELLY Singapore Pte Ltd • RCB No. 200007268E • EA License No. 01C4394• Reg No : R1654858 | Soo Sheng Hui","Azure
Hardware
VMware
Automation Tools
Scripting
Windows Scripting
WSUS
Networking
Windows
ITIL
Databases
DNS
Linux
Vcenter",PERSOLKELLY SINGAPORE PTE. LTD.,Information Technology,5 years exp
MCF-2024-1470047,https://www.mycareersfuture.gov.sg/job/engineering/solution-architect-persolkelly-singapore-cb726be37f1d5f8a26762666a4588c3c?source=MCF&event=Search,"$9,000to$12,000",Full Time,Posted 04 Oct 2024,IT Solution Architect,"Responsibilities:
Work with Enterprise Account Managers to do customer insight of Mid and Large Enterprise markets in Singapore to identify, develop and close project opportunities.
Offer consultation and guidance to key accounts’ infrastructure refresh.
Presales support including Enterprise IT Infrastructure and Network Architecture Design, Configuration of Bill-of-Materials and Pricing, Customization of Technical Proposal, and other Pre-sales duties.
Perform Individual and Seminar Presentations to prospects and customers on Huawei solutions to develop new project opportunities.
Conduct training sessions on Huawei solutions and products to end users and channel partners at least once per quarter.
Responsible for presales aspects of tender management and response by organizing, reply and provide clarification on tender requests.
Promote full range of Huawei solutions, hardware and software to enterprise and government’s customer, produce and deliver formal presentations and business proposals.
Identify key customer requirements and coordinate with Product & Solution team to ensure that the requirements are deliverable.
Requirements:
Bachelor degree in Information Technology/Telecommunications/Electronics/Electrical/Engineering discipline or equivalent.
At least 5 years of working experiences, related knowledge in IT Technical Pre-Sales role with knowledge of industry trends, associated solutions, and key partner/ISV solutions.
Working knowledge of Backup, Storage, Server and Disaster Recovery Best Practice and Methodologies.
Prior experience in managing tender requests.
Good consultative solution selling and business development skills to align the client's business needs with solution. Knowledge of the customer's infrastructure and architecture.
Balance strategic and tactical pursuits to optimize coverage and develop a predictable revenue stream.
Strong project management skills.
Ability to works effectively with partners to drive additional revenue.
Good command of English and Chinese to liaise and communicate with different counterpart for business purposes.
Interested candidate who wish to apply for this position, please click on APPLY NOW

EA License No.: 01C4394 | PERSOLKELLY Singapore Pte Ltd
EA Registration No.: R1331238 | Tan Ti Ying

By sending us your personal data and curriculum vitae (CV), you are deemed to consent to PERSOLKELLY Singapore Pte Ltd and its local and overseas subsidiaries and affiliates collecting, using and disclosing your personal data to prospective employers/companies based in any country for purposes of evaluating suitability for employment, conducting reference checks, administering employment related services, complying with Government’s COVID-19 health advisories and such other purposes stated in our privacy policy. Our full privacy policy is available at www.persolkelly.com.sg. If you wish to withdraw your consent, please drop us an email to let us know. Please feel free to contact us if you have any queries.","Management Skills
Channel Partners
Hardware
Architect
Technical Presales
Presales
Solution Selling
Network Architecture
TI
Architecture Design
Tender Management
Disaster Recovery",PERSOLKELLY SINGAPORE PTE. LTD.,"Engineering, Information Technology, Wholesale Trade",5 years exp
MCF-2024-1466694,https://www.mycareersfuture.gov.sg/job/banking-finance/project-manager-persolkelly-singapore-7ee8a1d88b7415d6d9ea10528c2a76ea?source=MCF&event=Search,"$8,000to$12,000","Contract, Full Time",Posted 04 Oct 2024,Project Manager (Banking / Contract),"Role: Project Manager (Banking/Contract)
Key Responsibilities:
Collaboration with Key Stakeholders:
Work closely with key stakeholders (Tech, Front Office, Product Teams, CIO, Business Management/Marketing, COO) to align business requirements with content hub creation and governance, ensuring compliance with the bank's design and branding guidelines.
Implement design specifications for content layouts, ensuring consistency across all team sites.
Content Creation (Including Migration of Content from Existing Knowledge Hub):
Re-design the Knowledge Hub site map, improve categorization, and align with internal guidelines.
Re-design the landing page, making it more intuitive and engaging (e.g., creating banners, shortcuts to frequently used resources).
Create and populate content across different pages and set content expiry dates (landing page, listing page, details page, etc.).
User Management:
Create and manage user accounts, assign roles, set permissions, and manage security settings for different teams and user groups.
Content Governance:
Oversee content creation, updates, and organization to ensure it is current, relevant, and follows internal guidelines.
Implement content archiving and retention policies to ensure compliance.
Monitoring and Reporting:
Conduct regular audits to ensure adherence to content maintenance policies.
Generate reports on content usage, user activity, and compliance.
Functional Enhancements:
Continuously improve the functionality of the content hub based on user feedback, focusing on enhanced usability, streamlined navigation, and optimized page layouts.
Training:
Develop training and communication materials for content publishers and users.
Integration with GenAI/Enterprise Knowledge Base:
Facilitate the integration of the content repository with the Enterprise Knowledge Base by conducting testing, tagging content with keywords, and troubleshooting issues.
Standard Operating Procedures (SOPs) and Processes:
Compile and update SOPs and processes.
Work with stakeholders to develop end-to-end workflows and process maps for SOPs across various teams to ensure clarity and compliance with business standards and regulatory requirements.
Required Skillsets:
Strong Communication & Stakeholder Management: Ability to engage with diverse teams effectively.
Technical Proficiency:Experience managing content repositories, websites, or intranet platforms.
Strong understanding of user management, permissions, and role-based access control.
Basic knowledge of IT infrastructure, including backup and recovery processes.
Attention to Detail:Excellent organizational skills to manage large volumes of content and ensure data accuracy.
Problem Solving & Support:Ability to troubleshoot technical issues and provide efficient support to users.
Experience working with cross-functional teams, including IT and Compliance.
Compliance Awareness: Familiarity with content governance policies and standards.
Analytical Mindset: Ability to interpret user feedback and data to drive improvements.
Adaptability and Continuous Improvement mindset.
Qualifications:
Bachelor's degree in Business, Communications, Information Systems, or a related field (or equivalent experience).
Previous experience in managing large-scale projects involving multiple stakeholders.
Previous experience managing large-scale intranet content repositories is highly desirable.
Experience in the financial or banking industry is a plus.
Interested candidates may apply through the application system. We regret to inform only Shortlisted candidates will be notified.
EA License No. 01C4394 • RCB No. 200007268E •Derrick Tiew Yong Han EA Registration No. R1877971
By sending us your personal data and curriculum vitae (CV), you are deemed to consent to PERSOLKELLY Singapore Pte Ltd and its affiliates to collect, use and disclose your personal data for the purposes set out in the Privacy Policy available at https://www.persolkelly.com.sg/policies. You acknowledge that you have read, understood, and agree with the Privacy Policy.","Front Office
Usability
Troubleshooting
Archiving
Problem Solving
Access Control
User Management
Adaptability
Compliance
Project Management
Audits
Banking
Regulatory Requirements
Stakeholder Management
Business Requirements",PERSOLKELLY SINGAPORE PTE. LTD.,"Banking and Finance, Information Technology",6 years exp
MCF-2024-1471437,https://www.mycareersfuture.gov.sg/job/accounting/perm-vpsvp-finance-accounting-mas-reporting-gmp-technologies-c40b64ae3a1348078808b7dc851bef19?source=MCF&event=Search,"$9,000to$11,000","Permanent, Full Time",Posted 05 Oct 2024,"[PERM] VP / SVP, Finance & Accounting - MAS Reporting","Responsibilities:
To ensure financial reporting adheres to Singapore Financial Reporting Standards, the bank's accounting policies and procedures, and compliance with local statutory & MAS regulatory requirements.
To oversee the daily accounting operation, including daily GL management, review NOSTRO accounts reconciliation, OPEX processes etc.
To review and enhance workflows and internal controls, and maintenance of accounting policies and procedures.
To liaise with the branch’s internal and external auditors on audit matters.
To manage the Accounts Team in ensuring timely delivery of management reporting, local financial and regulatory reporting and statistical surveys.
To prepare tax computation schedules, check tax computations, to liaise with tax agents on Branch’s corporate tax, to attend queries raised by the Comptroller of Income Tax.
Familiar with MAS reporting, to review MAS reports prepared by the team, draft and respond to the queries and questions raised by MAS.
To check daily management reports
To participate in systems development and enhancement projects where applicable.

Requirements:
Possess a Degree in Finance & Accounting preferably with CA qualification.
Minimum 6 years financial and accounting experience
In-depth experience in data statistics, data analytics, accounting report management and financial analysis.;
Proficiency in written and spoken English and Chinese as incumbent is required to liaise with colleagues in from mainland China.

Please state your availability, current and expected salary in the resume.

We regret that only shortlisted candidates will be notified.
GMP Technologies (S) Pte Ltd | EA Licence: 11C3793 | Eddie Tang | Registration No: R1221129","Annual Reports
Tax
GMP
finance reports
Journal Entries
Mandarin Chinese
Accounting
Corporate tax filing
Excel
Finance
Audit",GMP TECHNOLOGIES (S) PTE LTD,Accounting / Auditing / Taxation,6 years exp
MCF-2024-1466717,https://www.mycareersfuture.gov.sg/job/banking-finance/application-developer-persolkelly-singapore-f021920ca8e19d30392ed05b9b63c4a8?source=MCF&event=Search,"$7,500to$11,000","Contract, Full Time",Posted 04 Oct 2024,Application Developer (Banking / Contract),"Role: Application Developer (Banking/Contract)
Responsibilities:
Assist the network team in achieving automation initiatives, such as network provisioning and monitoring.
Create monitoring dashboards to enhance monitoring capabilities.
Manage and maintain network monitoring systems and tools.
Code, test, and troubleshoot programs using the appropriate hardware, database, and programming technology.
Understand and integrate with system APIs.
Refine data and format the final product.
Maintain and modify programs; make approved changes by amending flowcharts and developing detailed programming logic and coding changes.
Test and develop programming modifications.
Write new program code using prescribed specifications.
Evaluate simple interrelationships between programs to ensure changes in one part of a program don’t cause unwanted results in related parts.
Analyze program performance and correct deficiencies based on consultation with users and supervisor approval.
Confer with users to gain an understanding of needed changes or modifications in existing programs.
Resolve questions regarding program intent, data input/output requirements, and inclusion of internal checks and controls.
Write and maintain documentation.
Maintain confidentiality regarding the information being processed, stored, or accessed.
Document programming problems and resolutions for future reference.
Act as a computer resource for personnel in other departments.
Provide BAU (Business-As-Usual) support and enhance the existing system.
Provide direct support to users.
Provide 24x7 on-call support.
Perform other duties as assigned.
Requirements:
Minimum Diploma/Degree in Information Technology or a related field.
Proficiency in programming languages such as Python, JavaScript, UNIX script, SQL, etc.
Familiarity with web application technologies (HTML, CSS, React, etc.).
Ability to develop in both Unix and Windows environments.
Basic knowledge of networking (TCP/IP, SNMP, etc.).
Strong communication and interpersonal skills.
Self-driven with the ability to work both independently and in a team.
Good to Have:
Experience in coding and customization for network management and monitoring products or platforms like Nagios, ELK Stack, NetBrain, etc.
Understanding of network technologies and domains in LAN/WAN and experience with products like Cisco and Arista.
Interested candidates may apply through the application system. We regret to inform only Shortlisted candidates will be notified.
EA License No. 01C4394 • RCB No. 200007268E •Derrick Tiew Yong Han EA Registration No. R1877971
By sending us your personal data and curriculum vitae (CV), you are deemed to consent to PERSOLKELLY Singapore Pte Ltd and its affiliates to collect, use and disclose your personal data for the purposes set out in the Privacy Policy available at https://www.persolkelly.com.sg/policies. You acknowledge that you have read, understood, and agree with the Privacy Policy.","Nagios
Network Management
CSS
Hardware
Interpersonal Skills
HTML
Application Development
JavaScript
HTML5
Unix
Information Technology
SQL
Networking
Python
Windows",PERSOLKELLY SINGAPORE PTE. LTD.,"Banking and Finance, Information Technology",5 years exp
MCF-2024-1468889,https://www.mycareersfuture.gov.sg/job/healthcare/radiographer-persolkelly-singapore-12c2689d9dfbc95ead28d826673c758b?source=MCF&event=Search,"$3,000to$3,500",Full Time,Posted 04 Oct 2024,"Radiographer (Full Time, $3000++)","Radiographer (Full Time, $3000++)
Full time
Office Hours/ Shift settings
$3000++
Responsibilities
Preparing patients for procedures by explaining the process
Ensuring patient are comfortable and positioned correctly before start screening.
Operating imaging equipment and ensuring that images are produced accurately and of high quality.
Evaluating images for quality and adjusting equipment or technique as necessary to produce the best possible images.
Requirements
Diploma or degree in radiography
AHPC Registered radiographer preferred.
Equip with radiography experience
Added advantage with MRI or CT scan experience
Interested candidates who wish to apply for the advertised position, please click on “Apply Now”. Alternatively, you may email us an updated copy of your resume (Attn: NICH) or me at +65 9834 1147 for a confidential discussion.
Job Code: NICH
EA Reg No: R23112658 (Nicholas Heng Zhe Xuan)
EA License No: 01C4394 (PERSOLKELLY SINGAPORE Pte Ltd)
We regret that only shortlisted candidates will be notified.
By sending us your personal data and curriculum vitae (CV), you are deemed to consent to PERSOLKELLY Singapore Pte Ltd and its affiliates to collect, use and disclose your personal data for the purposes set out in the Privacy Policy available at https://www.persolkelly.com.sg/policies. You acknowledge that you have read, understood, and agree with the Privacy Policy.","Ultrasound
Medical Imaging
Quality Control
Image Processing
Mammography
Quality Assurance
Theatre
Quality Improvement
Healthcare
Radiation Safety
MRI
Radiation Protection
Radiation
Screening
Radiology
Radiography",PERSOLKELLY SINGAPORE PTE. LTD.,Healthcare / Pharmaceutical,2 years exp
MCF-2024-1092299,https://www.mycareersfuture.gov.sg/job/information-technology/data-scientist-bgc-group-96d0eb1d91fedce068de0fdaaa813802?source=MCF&event=Search,"$6,000to$8,000",Contract,Posted 03 Oct 2024,Data Scientist (AI / ML),"Work with Business stakeholders to define key Business questions and requirements, and drive new and innovative AI/ML solutions, including Generative AI (i.e. Large Language Models), to capture new opportunities and combat existing challenges.
Design and implement end-to-end AI/ML solutions, including establishing data pipelines, data preparation and processing, model development, and deployment.
Assist with the enhancement of MLOps process to establish best practices.
Design and implement analytics dashboards using QlikSense or PowerBI. This includes data preparation, data model development and deployment.
Requirements:
Bachelor’s or Master’s degree in Computer Science, Mathematics, Statistics, or a related field, with at least 3 to 5 years of relevant working experience.
Experience in translating business questions into analytical problems and using statistical techniques to derive actionable insights.
Deep understanding and hands-on experience in statistical modelling (e.g. linear regression, time series), supervised machine learning (e.g. Gradient Boosted Trees, Neural Networks), Generative AI (including LLMs), segmentation/ clustering, recommendation systems, text analytics and network analysis
Experience in using analytic tools E.g. Dataiku, Qlik Sense, PowerBI.
Proficient in programming languages e.g. Python and R.
Knowledge of MLOps best practices
Experience with deploying AI solutions using various tools and platforms, including containers.
Preferably have completed at least one (1) project using Scrum or equivalent Agile development framework.","QlikSense
Machine Learning
Product Innovation
Combat
Data Analysis
Big Data
Pipelines
Natural Language Processing
NLTK
Mathematics
Artificial Intelligence
PowerBI
Text Analytics
Python
Statistics
Data Science
Databases
Django
Data Visualization
Agile Development",BGC GROUP PTE. LTD.,Information Technology,2 years exp
MCF-2024-1471160,https://www.mycareersfuture.gov.sg/job/information-technology/product-marketing-manager-prit-persolkelly-singapore-04cf4dd83cb0b95693d6a2446985893e?source=MCF&event=Search,"$5,000to$8,500",Permanent,Posted 05 Oct 2024,Product Marketing Manager (Electronics Appliances) PRIT,"Job Description:
We are seeking a dynamic and results-oriented Product Marketing Manager (APAC) to join our team. This role will be responsible for managing the product lifecycle across multiple markets within the Asia-Pacific region. The ideal candidate will have a strong background in product management, experience working with cross-functional teams, and an in-depth understanding of the printing industry. The selected candidate will collaborate with regional and local teams to drive product strategy, market growth, and customer satisfaction.
Key Responsibilities:
1. Product Lifecycle Management
Manage the entire product lifecycle, from strategic planning to tactical activities, for the assigned region.
Develop and execute product strategies that align with corporate objectives and regional market needs.
2. Market Intelligence & Strategy
Analyze market trends, customer needs, and competitor activities within the region to inform product development and marketing strategies.
Identify new product opportunities based on market research and stakeholder feedback.
3. Stakeholder Engagement
Build strong relationships with sales offices and product managers to understand their needs and tailor product offerings accordingly.
Gather feedback from customers to improve products and address issues, ensuring high levels of customer satisfaction.
4. Cross-Functional Collaboration
Work closely with HQ and regional marketing teams to ensure product alignment with market demands.
Provide training and support to regional sales teams to effectively communicate product features and benefits.
Manage the launch of new products across the region, ensuring clear communication and strong execution.
5. Reporting & Analytics
Develop KPIs to measure product performance across the region and provide regular updates to senior management.
Prepare reports and presentations on product performance, regional trends, and sales forecasts.
Qualifications & Requirements:
Bachelor’s degree in Business, Engineering, or a related field; MBA preferred.
5+ years of experience in product management, ideally within the printing or technology industries.
Proven track record of successfully launching and managing products across multiple markets.
Strong understanding of market analysis, product development, and customer engagement.
Excellent communication and presentation skills, with the ability to influence stakeholders at all levels.
Strong analytical and problem-solving skills.
Ability to manage multiple projects simultaneously in a fast-paced environment.
Willingness to travel within the region as required.
If you are a strategic thinker with a passion for driving product success across diverse markets, we’d love to hear from you!
Interested candidates who wish to apply for the advertised position, please click on “Apply”. We regret that only shortlisted candidates will be notified.
EA License No.: 01C4394 (PERSOLKELLY Singapore PTE LTD)
By sending us your personal data and curriculum vitae (CV), you are deemed to consent to PERSOLKELLY Singapore Pte Ltd and its affiliates to collect, use and disclose your personal data for the purposes set out in the Privacy Policy available at https://www.persolkelly.com.sg/policies. You acknowledge that you have read, understood, and agree with the Privacy Policy.","Market Research
Strategic Planning
Sales
Product Marketing
Customer Engagement
Product Lifecycle Management
Market Analysis
Marketing
Strategy
Stakeholder Engagement
Product Management
Market Intelligence
Presentation Skills
Customer Satisfaction
Product Development",PERSOLKELLY SINGAPORE PTE. LTD.,Information Technology,3 years exp
MCF-2024-1470920,https://www.mycareersfuture.gov.sg/job/information-technology/zscaler-engineer-persolkelly-singapore-3b34799ceb9b32d7697441cabc9fdd36?source=MCF&event=Search,"$6,500to$9,500",Contract,Posted 04 Oct 2024,Zscaler Engineer (Contract),"About the Client:
Our client is a Reputed MNC.

Responsibilities:
Monitor and analyze network traffic for potential security threats
Design and implement policies to prevent access to unauthorized websites or apps.
Investigate and remediate proxy / firewall alerts and attacks.
Regularly develop new and interesting use cases for Zscaler application security testing and control validation
Participate in cyber threat hunts in support of the global cyber operations function.
Deliver timely and detailed documentation related to any incident including the findings, review and follow-up activities
Participate in the creation, modification and maintenance of SOC policies related to Zscaler.
Keep abreast of cyber security trends and the emerging threat landscape in general and as it relates.

Requirement:
3 years of hands-on experience with Web proxy, Firewalls, zero trust access controls, preferably Zscaler.
Zero-Trust network design, ZPA and ZIA policy management a plus
University Degree with CISSP, GDSA, or ZTDA are preferred
Advanced knowledge of Proxy Application security related technologies and their functions such as URL Filtering, App Control, DNS Control, Firewall, Data Loss Protection etc.
Deep understanding of cloud, security, enterprise SaaS and networking protocols.
Advanced event analysis leveraging SIEM tools
Sophisticated incident investigation and response skill set
Advanced log parsing and analysis skill set.

Interested candidates, who wish to apply for the above position, please send in your resume to Mohamed.basith@persolkelly.com

We regret that only shortlisted candidates will be contacted.

EA License No. 01C4394
EA Personnel Reg.No. R1104824 (Samsudeen Mohamed Basith)

This is in partnership with Employment and Employability Institute Pte Ltd (“e2i”). e2i is the empowering network for workers and employers seeking employment and employability solutions. e2i serves as a bridge between workers and employers, connecting with workers to offer job security through job-matching, career guidance and skills upgrading services, and partnering employers to address their manpower needs through recruitment, training and job redesign solutions. e2i is a tripartite initiative of the National Trades Union Congress set up to support nation-wide manpower and skills upgrading initiatives. By applying for this role, you consent to e2i’s PDPA.
“By sending us your personal data and curriculum vitae (CV), you are deemed to consent to PERSOLKELLY Singapore Pte Ltd and its local and overseas subsidiaries and affiliates collecting, using and disclosing your personal data to prospective employers/companies based in any country for purposes of evaluating suitability for employment, conducting reference checks, administering employment related services and such other purposes stated in our privacy policy. Our full privacy policy is available at www.persolkelly.com.sg. If you wish to withdraw your consent, please drop us an emailto let us know. Please feel free to contact us if you have any queries","Cyber Threat Hunting
SIEM
Application Security
Cyber Security
DLP
Incident Investigation
Network Design
Networking
SaaS
Data Loss Prevention
DNS
CISSP
Proxy
Firewalls",PERSOLKELLY SINGAPORE PTE. LTD.,Information Technology,3 years exp
MCF-2024-1470012,https://www.mycareersfuture.gov.sg/job/information-technology/mobile-app-developer-scientec-consulting-8483bf9459514c1935f4e53e6194084b?source=MCF&event=Search,"$4,000to$6,500","Permanent, Full Time",Posted 04 Oct 2024,Mobile App Developer (React Native / Android Native / Frontend),"We are seeking a talented React Native Developer to join our team in building high-performance mobile applications for both Android and iOS platforms.

As a key member of our team, you will design, develop, and maintain mobile applications, collaborating with cross-functional teams to deliver high-quality products. The role demands a commitment to advanced design, problem-solving, and teamwork.
Working Hours: Mon-Fri, 10am-7pm
Working Location: Central, Singapore
Salary Package: Up to $6500 (basic) with attractive bonus
Key Responsibilities:
Collaborate with product managers to define requirements and develop business modules using the React Native framework.
Work closely with QA teams to ensure high-quality product releases.
Implement native modules for the JavaScript layer and integrate third-party SDKs.
Collaborate with the backend team to implement app features dependent on backend services.
Continuously optimize the performance, stability, and scalability of mobile applications to improve user experience.
Participate in technical solution design, implementation, and solve project challenges.
Contribute to establishing technical standards, documentation, and conduct code reviews.
Maintain, optimize, and enhance mobile logging systems and Jenkins to boost development efficiency.
Requirements:
At least 3+ years of mobile development experience.
Proficiency in TypeScript, React, React Native, and Expo.
Hands-on experience with state management libraries such as Redux, MobX, or Zustand.
Expertise in at least one native development language (Kotlin, Java, Swift, or Objective-C).
Familiarity with algorithms, data structures, and common design patterns.
Proficient with Git for version control.
By submitting your resume, you consent to the collection, use, and disclosure of your personal information per ScienTec’s Privacy Policy (scientecconsulting.com/privacy-policy).
This authorizes us to:
Contact you about potential opportunities.
Delete personal data not required at this application stage.
To withdraw consent, email dpo@scientecconsulting.com.
All applications will be processed with strict confidence. Only shortlisted candidates will be contacted.

Elane Yap Theng Yu- R1989397
ScienTec Consulting Pte Ltd - 11C5781","Technical Standards
Version Control
Git
iOS
Android SDK
Scalability
UI Design
Design Patterns
Data Structures
Kotlin
TypeScript
User Experience
Agile
JavaScript
Logging
React Native
Mobile Applications
Flutter
Java
Technical Solution Design",SCIENTEC CONSULTING PTE. LTD.,Information Technology,3 years exp
MCF-2024-1471007,https://www.mycareersfuture.gov.sg/job/information-technology/regional-system-engineer-apac-persolkelly-singapore-7db677c404f3ce4b20666a902e82e29a?source=MCF&event=Search,"$7,000to$12,000","Permanent, Full Time",Posted 04 Oct 2024,Regional System Engineer - APAC (PRIT),"Roles and Responsibilities'
1. Maintains policies and procedures:
Maintains and deploys the system server and cloud architecture.
Maintains, test and deploys the procedures for system changes with minimal downtime.
Maintains, deploys and tests the procedures for backup and failover.
Maintains and deploys the procedures for life cycle management.
2. Implements and maintains the system(-changes):
Executes life cycle management by timely upgrading and patching of system components.
Manage restricted access to systems with appropriate identity management solutions and implementations.
Work with our vendors to report and replace broken hardware components.
3. Monitors the systems:
Monitors the availability of the systems.
Monitors the available capacity and performance.
Monitors systems security, incl. potential intrusion.
4. Ensures IT-compliance within the area of systems:
Ensures installation, configuration, policies and procedures meet the IT-security targets, applicable compliance frameworks and specific customer requirements.
Pro-actively conducts self-assessments and vulnerability scan to gain additional confidence that these targets are met.
Provides support to audits, by pro-actively collecting any required evidence and providing support within the audit-process.
5. Identifies, installs, maintains and deploys system management tooling:
Identifies tooling contributing to the cost-efficient installation, configuration, maintenance and monitoring of the DLR systems and cloud services.
Implements, configures, and deploys these tools DLR wide.6. Provides system engineering support:
Acts as the to-go person for system management, incl. cloud services DLR wide.
Contributes to business projects, infrastructure projects, audits, etc. to provide system management expertise.
Ensures incidents are solved within SLA’s determined lead time.
Provides out of office hours system management support where needed.
Monitors system security.
Requirements'
Bachelor’s degree in IT or related with a minimum of 5+ years of work experience in international environment
Microsoft Certification
VMWare Virtual Certified Professional (VCP) (preferred)
Experience in working in a multi-vendor environment
Detailed knowledge of Microsoft systems and system management
Detailed knowledge of storage technologies (SAN)
Detailed knowledge of virtual machines (e.g. VMware)
Detailed knowledge of integration technologies.
Detailed knowledge of cloud services (both IaaS, PaaS & SaaS)
Strong problem-solving skills
Interested candidates who wish to apply for the advertised position, please click on “Apply”. We regret that only shortlisted candidates will be notified.
EA License No.: 01C4394 (PERSOLKELLY Singapore PTE LTD)
By sending us your personal data and curriculum vitae (CV), you are deemed to consent to PERSOLKELLY Singapore Pte Ltd and its affiliates to collect, use and disclose your personal data for the purposes set out in the Privacy Policy available at https://www.persolkelly.com.sg/policies. You acknowledge that you have read, understood, and agree with the Privacy Policy.","Troubleshooting
Azure
Failover
Hardware
Azure DevOps
Identity Management
VMware
VCP
Administration
Networking
Windows
Audits
SaaS
Cloud Services
Engineering Support
Evidence
Cloud
Linux
SQL Azure",PERSOLKELLY SINGAPORE PTE. LTD.,Information Technology,5 years exp
MCF-2024-1470354,https://www.mycareersfuture.gov.sg/job/general-work/marketing-manager-jas-jahisha-92c7595059aa10135958c17758fe5190?source=MCF&event=Search,"$6,000to$10,500","Contract, Full Time",Posted 04 Oct 2024,MARKETING MANAGER,"Marketing Manager Roles & Responsibilities:

Oversee all marketing campaigns for their company or department
Implement strategy
Promote a business, product, or service
Ensure the company is communicating the right messaging to attract prospective customers and retain existing ones
Represent the marketing team to cross-functional groups including product management, sales, or customer support
Updating senior leadership on the progress of marketing activities and reporting on the results of campaigns

Day-to-Day Duties:

Manage and coordinate marketing and creative staff
Lead market research efforts to uncover the viability of current and existing products/services
Collaborate with media organizations and advertising agencies
Brainstorm ideas for new campaigns
Coordinate with the sales team and other departments to produce effective strategies
Monitor current campaigns, ensuring their staff meets deadlines and complete necessary tasks
Analyze data to evaluate the success of their marketing efforts and come up with new ideas to improve brand marketing and exposure","Market Research
Budgets
Leadership
Advertising
Product Marketing
Social Media
Customer Support
Brand Marketing
Marketing Strategy
Channel
Marketing
Strategy
B2B
Product Management
Digital Marketing
Brand Awareness",JAS JAHISHA PTE. LTD.,General Work,5 years exp
MCF-2024-1388511,https://www.mycareersfuture.gov.sg/job/professional-services/software-engineer-euc-modena-796f5891bba39adb17fe1e3bbb663644?source=MCF&event=Search,"$15,460to$27,826",Full Time,Posted 19 Sep 2024,Software Engineer,"Work Here.
Transform Everywhere.

The most advanced companies in the world turn to Omnissa to manage, grow and transform their business. When you work here, you’re connected to a global community of innovative, empowered employees working together to solve the most critical technology challenges. Here, your talents are amplified—for the good of your career and the good of each other. Here, you’re surrounded by a culture of possibility, where ideas ripple out and have a positive impact on customers and communities everywhere.

Why will you enjoy this new opportunity?

If you have the hunger, passion & self-driven attitude to work on cutting edge & next generation technology, have deep technical prowess, then this is the role for you.
We are looking for a Consulting Systems Engineer for Asia Pacific & Japan to join our Virtual Cloud Networking & Security APJ Technology Office Team to ensure that our customers are maximizing their investments and ROI in their journey to build, secure & manage their modern applications spread across multi & hybrid cloud by utilizing Omnissa solutions & technology. This role is also to help internal team members within & cross Business Unit with innovative solutions, architectures, designs; all while solving the most complex technology and operational challenges which customers are facing. This is an opportunity to join a rapidly expanding team and company; at the forefront of cloud networking, software defined data centre (SDDC), modern apps, security & monitoring, assisting many of the world’s leading businesses in their digital transformation.
We expect post covid travel to range in the 40%-50% annually.
If you think this is a good match for you, please read on and apply today! We look forward to reviewing your resume.

Success in the Role: What are the performance outcomes over the first 6-12 months you will work toward completing?
Be the technical authority on the Omnissa’s Technology & Solutions around Modern Apps, its eco-system & its connectivity, DevOps & DevSecOps, API Security, Tools to help Modern App Services & Automation.
Help with critical, complex customer requirements & build innovative solutions & architectures for the same.

Understand the customer’s requirements, challenges, business outcomes and value they are expecting from their purchase. Design and deliver the customer-specific use cases to align with those goals via a hands-on, consultative approach.

Ensure customers are realizing the value and maximizing their return on investment by rapidly driving sustained adoption. Being the leader for ongoing engagement and expansion with Omnissa Solution & Technology to achieve business and technology objectives when they get onto the journey to build, secure & manage their modern applications spread across multi & hybrid cloud.
Proactively identify blockers for our customers and collaborate with peers to remove them.
Act as an advocate on behalf of your customers to influence our roadmap.
Build innovative solutions, architectures integrating with other business unit products & solutions to clearly articulate & differentiate Omnissa Solutions.
Create compelling demo setups & scripts, presentations and business value documents.
Help building & support business unit team members with use cases, demo setups, automation & demo scripts which can be easily consumed and replicated across the region and globe.

Work collaboratively with sales associates, product management, technical marketing and engineering during the development, launch and continuing refinement of products & solutions.
Regularly leverage self-paced training to support education and knowledge-growth with APJ team members.
Ongoing contribution to customer-facing knowledge management systems and FAQ repository.

The Work: What type of work will you be doing? What assignments, requirements, or skills will you be performing on a regular basis?

Self-motivated, proactive, innovation & a team player who stives to inspire everyone in the team & keeps raising the bar for self

+8 years of experience in a customer facing role with expertise background of DevOps, Security, Networking, Private & Public Cloud, Scripting & Automation

Technology Experience with
Containers & Container ecosystem, Kubernetes, OpenShift, Rancher, EKS, AKS, ECS, Fargate, Service Mesh, Public Cloud AWS, Azure, GCP, CI/CD tool sets, Automation Tools viz. Terraform, Ansible, Helm, Jenkins, CFT, etc.
Application Delivery Controllers, ALB’s, ELB’s, F5’s, Nginx, HA Proxy, Contour
Familiarity with Cyber Security frameworks and their applications in the Secure DevOps Lifecycle
Demonstrated track record of marquee customer wins & projects in the above-mentioned technology areas
Excellent interpersonal/team/customer relations skills with particularly regard to strategic relationships
Great hands-on skills to support customers POC’s, demo’s, trainings, testing & building labs to support team members
Clear and concise verbal and written communicator
Proficiency in leading both executive meetings and technical workshops
Self-starter who thrives under ambiguity in a fast-paced, deadline-oriented start-up environment
A bachelor’s degree in computer science, Engineering, Mathematics, related field or equivalent experience

What is the leadership like for this role? What is the structure and culture of the team like?
As an inclusive, team-first company, our people are at the core of everything we do.
We care deeply about creating a workplace where our team members feel valued, respected, and empowered. We are committed to providing equal opportunity regardless of gender identity, ethnicity, disability, sexual orientation, or life stage.
We work hard to create a safe and inclusive environment for all, and most importantly, we're all about creating better experiences – for our customers and for each other.
Pragmatic, approachable culture, from the CEO down

Organizational focus on delivering value to customers
Encouragement to specialize with technical accreditations

Where is this role located?
Flexible: The role is considered flexible and will be a mix of working from a local Omnissa office and remote depending on your preferences and the arrangements determined with your future manager. You will be expected to live within a reasonable non-daily commute of the office.","Coaching
Designer
Teaching
Software Engineering
Agile
JavaScript
IT Operations
Mentorship
XP
Usercentered Design
Pressure
Continuous Integration
Humility
Shipping
Software Development",EUC MODENA PTE. LTD.,Professional Services,10 years exp
MCF-2024-1469433,https://www.mycareersfuture.gov.sg/job/engineering/application-support-engineer-eps-consultants-2a47113aa801d5db7dce03f900c139bf?source=MCF&event=Search,"$5,000to$7,000",Contract,Posted 04 Oct 2024,Application Support Engineer,"Employment Type: 1 year agency contract (renewable subject to work performance)
Salary: Up to S$7,000
Working Location: Changi Business Park

Working Hours:
Standard office hours (9am-6pm), with 24x7 on-call support.
Available on weekends for production deployment support.
Overview:
Provide 24x7 support for Regulatory Reporting applications.
Coordinate infrastructure maintenance.
Manage new application releases and adhere to release management best practices.
Collaborate with Peer Application Teams, Infrastructure, Vendors, Security, and Change teams.
Address production issues promptly as per Service Level Agreements.
Enhance support processes to improve service levels and quality.
Responsibilities:
Coordinate with System Admins for Non-Prod and Prod environments.
Maintain and support regulatory reporting applications for SG, AU, and TW.
Analyze and address issues and incidents.
Update stakeholders on issues or maintenance activities.
Support and perform various patching activities (RHEL, OS, DB, ISCD-Server Hardening, DR Flips, NVA Issues).
Handle common activities (server procurement requests, firewall requests, NVA issues, UAM management, Cyber-Arc maintenance).
Perform VM maintenance (RAM, CPU, housekeeping, basic scripting, KeyExchange).
Assist with change management and other project-related activities (Marketplace, UAMS, Infra, PCF).
Requirements:
At least 5 years in production support.
Diploma/Degree in Computer Science, Information Technology, Engineering (e.g., Software, Systems), or a related field.
Strong technical skills in microservices and batch technologies, including Elasticsearch, Grafana, and OpenTelemetry.
Experience with containerized environments (PCF) and modern development tools (Agile, CI/CD, Git, Terraform, Jenkins).
Proficiency in OS (RHEL, Windows Server), Unix/Linux Shell Scripting, and SQL.
Hands-on experience with MSSQL, Oracle, MariaDB/MySQL, and ETL processes.
Solid debugging, troubleshooting, and problem-solving abilities.
Preferably banking experience.
Ability to perform root cause analysis and work with cross-functional teams effectively.
Brandon Lim | EA Registration No: R21102894
EPS Consultants Pte Ltd| 95C5630","Troubleshooting
Oracle
Change Management
Release Management
VM
Root Cause Analysis
Scripting
Information Technology
Service Level
Windows Server
Application Support
Hardening
Banking
Debugging",EPS CONSULTANTS PTE LTD,"Engineering, Information Technology",5 years exp
MCF-2024-1465516,https://www.mycareersfuture.gov.sg/job/engineering/testing-commissioning-engineer-gam-x-engineering-services-a960b05e6858370a763abca5076ab46a?source=MCF&event=Search,"$4,500to$5,500","Contract, Permanent, Full Time",Posted 04 Oct 2024,Testing & Commissioning Engineer,"Responsibilities:
Commissioning engineers provide technical support and system walk-downs to ensure the proper installation, operation, and maintenance of equipment and systems. They review technical documentation, conduct equipment checks and system tests, and prepare test reports to confirm compliance with technical specifications.

Requirements
Diploma or degree in Engineering
Min 8-10 yrs experience
Must have experience in MRT projects","Technical Documentation
Hardware
Agile
Scripting
Electrical
Test Cases
Test Automation
Python
Software Testing
Selenium
Java
Test Strategy
Commissioning
Software Development
Technical Support",GAM-X ENGINEERING SERVICES PTE. LTD.,Engineering,8 years exp
MCF-2024-1468098,https://www.mycareersfuture.gov.sg/job/engineering/procurement-executive-engineer-flintex-consulting-df3d9e7e5d7e210f1de5eda94e9ed3c5?source=MCF&event=Search,"$4,000to$5,500",Permanent,Posted 04 Oct 2024,Procurement Executive / Engineer,"Mon to Fri 8.30am - 5.30pm

This position will be based in Singapore , reporting to procurement manager .
Expected to use their specialized knowledge to maintain an efficient procurement system to supply cost effective materials and services to support the company’s operations.

Job Responsibilities
Procurement Operations and Data Maintenance
• Support the procurement end to end function and other relevant departments and communicate any supply problems which may impact on business operations. Act as an interface between suppliers and relevant departments on purchasing processes and new projects and activities.

• Maintain system integrity of supplier’s info in the ERP system, such as items suppliers connect, purchasing agreements and supplier basic data like MOQ, order multiple, purchasers responsible and supplier maintenance.

Sourcing
• Conduct business review meetings with key stakeholders to assess risk, review future strategies, and identify potential cost down, new programs and improvement opportunities or mitigate the risk.

• Create and review opportunities on alternative materials and or suppliers to meet the business unit objectives in procurement activities and deliver best values and business savings.

• Collaborating with quality team to understand company/s needs as well as work with our existing/new suppliers to determine company strategic alignment.

SNOP
• Understand the trend of raw material / feedstock related, update the information to commercial team, provide analysis on costs, new and cost savings activities. Develop strong partnership with suppliers.

• Monitor market trends, competitor strategies and market suppliers, provide analysis on costs, new and existing and review cost to achieve savings. Establish r/s with suppliers to leverage the needs in term on tight supply situation as well as to be ahead of the market requirement.

• Contribute and communicate the impact on Procurement activities to new business initiatives and projects. Involve in Global procurement project activities.

Vendor Management
• Assess and evaluate supplier’s performance reviews, compiling data relating to supplier performance to enable evaluation.

• To audit supplier supply capability and quality standard when required. Maintain proper documentation in accordance with ISO procedures.


Job Requirements:
• Degree Holders with at least 5 years of working experience in end to end procurement related field in manufacturing environment
• At least 5 year(s) of working experience in related field preferably in petrochemical or polymers related industry
• Possess strong sourcing and negotiation skills.
• Accountable team worker, proactive, problem solving and analytical abilities.
• Strong interpersonal and communication skills to work productively and collaboratively with multi-functional teams to achieve business goals.
• Candidates with good experience in petrochemical raw material commodity price trend analysis will be at advantage
• Familiar with SnOP process would be added point
• This position required to manage overseas vendor from China","Negotiation
Commodity
Team Worker
Polymers
TEDDS
Supplier Performance
STAAD
ERP
Analytical Abilities
ISO
Purchasing
Procurement
Vendor Management
Petrochemical
Manufacturing
Sourcing",FLINTEX CONSULTING PTE. LTD.,Engineering,5 years exp
MCF-2024-1470775,https://www.mycareersfuture.gov.sg/job/building-construction/drafter-kone-a0965136bb6b32a2d727d474278ffc83?source=MCF&event=Search,"$4,000to$5,000",Permanent,Posted 04 Oct 2024,Drafter,"Did you know KONE moves over one billion people every day? We employ over 60,000 driven professionals in over 60 countries worldwide joined together by a shared vision. As a global leader in the elevator and escalator industry, it is our mission to improve the flow of urban life.

What will you be doing?

• Customer building adaptations and local translations of layouts (2D, 3D, BIM)
• Local codes, regulations and safety requirements compliance
• Environmental regulations compliance. In high-volume units, executes other transactional processes, for example customer document approval processes (layouts, drawings etc.) and contract technical content review processes
• Provides quality assurance that the technical solution documents exist in the systems, like PDM. Provides quality assurance of lessons-learned documentation
• Updates and maintains the quality of the CSE Case library

Are you the one?
Possess a NITEC/Diploma in Engineering (Mechanical, Electrical or related discipline preferred).
With BIM Mechanical & Electrical for Revit Certification.
With Autodesk/AutoCAD Certificate.
Those without experience but with relevant qualifications and knowledge in BIM and BIM related software will be considered.
Revit, Microsoft Office, Construction drawings, BIM, Architectural, Drawing, Problem Solving, Electrical, AutoCAD, Team Player, Civil Engineering, SketchUp, Layout, CAD
What’s On Offer
Career progression in opportunities within a global organization
Total reward elements that engage and motivate our employees and help us make KONE a great place to work
Comprehensive learning and development programs covering a wide range of professional skills
You are surrounded by fun colleagues and a lively working environment. The best part is all leaders are great and open-minded
To Be Considered

Click the Apply button and complete the online application process. A member of our Talent and Culture team will review your application and will be in contact with additional information accordingly.

In the meantime, feel free to browse our website for additional information on our company, brands and culture – KONE Corporation.
KONE is proudly ranked as World's Best Employers in Forbes magazine and Statista's 2023 annual ranking!
KONE Singapore ranked 20th in The Straits Times Best Employer 2023 and KONE has been ranked among Singapore’s Best Employers for the second year running in 2024!","Translations
Revit
Microsoft Office
Quality Assurance
BIM
Architectural
Drawing
Problem Solving
Electrical
3D
Construction Drawings
AutoCAD
Civil Engineering
SketchUp
Layout
CAD",KONE PTE LTD,Building and Construction,5 years exp
MCF-2024-1469478,https://www.mycareersfuture.gov.sg/job/engineering/network-engineer-eps-consultants-a40a25669b49afe72770cc510aafbf29?source=MCF&event=Search,"$4,000to$5,000",Contract,Posted 04 Oct 2024,Network Engineer (contract role),"Salary: Up to S$5000
Employment Type: 1 year contract (Renewable subject to work performance)
Location: Changi

Responsibilities:
Support network infrastructure administration, operations, and projects within the Airport Operations Technology & Corporate IT division.
Gain experience and develop technical skills in managing, implementing, and supporting large enterprise networks.
Exposure to technologies including LAN, WiFi, WAN, VPN, Firewalls, and Load Balancers.
Adhere to ITSM processes in your operational duties, including but not limited to change request processing, contract management, vendor management, inventory management, stakeholder management, equipment maintenance/inspections, fault/incident reporting, escalation, troubleshooting, and other essential tasks.
Manage projects involving requirement gathering, budgeting, procurement, evaluation, and implementation.
Requirements:
Minimum of a Diploma in IT, Information Systems, or related fields.
At least 2 years of relevant experience in managing enterprise networks, along with project management skills.
Candidates with experience in managing enterprise networks and IT projects.
Ability to engage with various stakeholders effectively.
Capable of working both in teams and independently.
Self-motivated, proactive, with strong problem-solving and interpersonal skills.
HOW TO APPLY:
Interested applicants, please submit your updated resume in PDF/MS Word format to brandon@eps.com.sg

Brandon Lim | EA Registration No: R21102894
EPS Consultants Pte Ltd| 95C5630","Switches
Management Skills
Troubleshooting
Interpersonal Skills
CCNP
Contract Management
Administration
Routing
Procurement
Inventory Management
Vendor Management
Project Management
Budgeting
Routers
Airport Operations
Stakeholder Management
WAN
VPN
Firewalls
Technical Support",EPS CONSULTANTS PTE LTD,"Engineering, Information Technology",2 years exp
MCF-2024-1465751,https://www.mycareersfuture.gov.sg/job/engineering/engineer-bytebridge-technology-6ca68f6027138ecd774221e8017b14f5?source=MCF&event=Search,"$2,600to$3,500",Full Time,Posted 04 Oct 2024,Engineer,"Company Introduction
ByteBridge is a widely trusted innovator of IT services, including data center, enterprise IT, and unified communications. ByteBridge was founded by a team of passionate dedicated experts with a vision to achieve customer success through technology enablement. We bridge the technical gaps to help enterprises' vision come true and expand their business on a global scale. To date, ByteBridge has been trusted by some of the world's leading international companies.

Position Summary
We’re looking for a talented AV Engineer to join our team and help us bring top-notch Audio-Visual experiences to our clients across Southeast Asia. In this role, you’ll work closely with our team to design, install, and support AV systems that make a real impact. If you’re passionate about technology and love finding creative solutions, we’d love to have you on board to grow alongside us at Bytebridge Technology

Key Responsibilities:
Install, configure, and test audio-visual equipment, including projectors, sound systems, video conferencing setups, and display systems.
Diagnose and troubleshoot technical issues with AV systems on-site and remotely.
Perform routine maintenance and repairs to ensure optimal functioning of AV equipment.
Collaborate with clients to provide technical support, guidance, and training on AV system operations.
Read and interpret AV system drawings, technical manuals, and schematics.
Ensure timely completion of service tickets, reports, and documentation.
Stay up to date with the latest trends and advancements in audio-visual technology.
Assist in pre-sales technical support and system design for potential clients as needed.
Qualifications:
Proven experience as an AV Service Engineer or in a similar technical role.
Strong knowledge of AV systems (e.g., sound, video, lighting, networking, and conferencing equipment).
Hands-on experience with control systems such as Crestron, AMX, or Extron is a plus.
Ability to diagnose and resolve AV issues quickly and efficiently.
Knowledge of cabling and system wiring for audio, video, and control systems.
Excellent communication skills with the ability to explain technical concepts to non-technical users.
Willingness to travel to client sites and perform on-call service as needed.
Education and Certifications:
Degree or certification in electronics, IT, or related field (preferred).
Relevant AV industry certifications (e.g., CTS, CTS-D, CTS-I, or equivalent) are a plus.
What We Offer:
Competitive salary and benefits package.
Opportunities for continuous learning and professional growth.
A supportive and collaborative work environment.
Exposure to cutting-edge AV technologies.","Excellent Communication Skills
Video Conferencing
Audiovisual
Lighting
Wiring
Data Center
Customer Success
System Design
Networking
AV
Unified Communications
Cabling
Bridge
Electronics
Technical Support",BYTEBRIDGE TECHNOLOGY PTE. LTD.,"Engineering, Information Technology",3 years exp
