Job URL,Job Title,Job Location,Job Employment Type,Job Seniority,Job Minimum Experience,Job Industry,Job Salary Range,Job Description,Job Skills Needed
https://www.mycareersfuture.gov.sg/job/banking-finance/associate-director-international-clients-standard-chartered-bank-be30c19b563bda5a8afd006e007d4612?source=MCF&event=Search,"Associate Director, International Clients",,"Permanent, Full Time",Professional,3 years exp,Banking and Finance,"$7,500to$12,000","Job Summary
We are a leading international bank focused on helping people and companies prosper across Asia, Africa and the Middle East.

To us, good performance is about much more than turning a profit. It's about showing how you embody our valued behaviours - do the right thing, better together and never settle - as well as our brand promise, Here for good.

We're committed to promoting equality in the workplace and creating an inclusive and flexible culture - one where everyone can realise their full potential and make a positive contribution to our organisation. This in turn helps us to provide better support to our broad client base.

Job Purpose
• Maximize new business/acquisition/referral opportunities and deepening existing customer relationships to the specified service standards for the Priority Clients segment
The Role Responsibilities
Implementation and oversight of the below individual responsibilities:
To conduct a professional, consultative financial analysis and profiling session with customers to meet their financial needs/objectives.
To foster and deepen customer relationships by providing regular market information updates and trend analysis on local and international financial products.
In consultation with the PB team manager/ branch manager/ PTL, draw up monthly plans for achieving/exceeding sales targets to meet new business and customer acquisition goals
To participate in marketing and promotional activities for customer acquisition.
To source and call on individual prospects
To provide quality, efficient after-sales services
To manage anti-attrition and retention of clients
To organise and conduct sales presentations to groups, clubs, associations, companies and other organisations.
To solicit referrals from other parts of SCB eg. RMs from C&I, staff, etc.
To comply with all applicable money laundering prevention procedures and in particular, report any suspicious activity to the Transaction Monitoring Unit.
To ensure compliance with all regulations and controls as set by the Bank and external regulatory authorities.
Key Responsibilities
Key Measurables
• Agreed individual sales target
• Agreed service standards to customers
• Operation control and sales compliance
Strategy
Awareness and understanding of the Group’s business strategy and sales model appropriate to the RM role.
Business
Awareness and understanding of the wider business, economic and market environment in which the Group operates
Processes
Responsible for executing sales targets.
People & Talent
Set appropriate tone and expectations from their team and work in collaboration with clients and internal stakeholders such as SCB China RMs, 3rd party referral channels and Operations Team.
Risk Management
The ability to stay compliance to the regulated role govern by MAS
Governance
Awareness and understanding of the regulatory framework, in which the Group operates, and the regulatory requirements and expectations relevant to the role.
Regulatory & Business Conduct
Display exemplary conduct and live by the Group’s Values and Code of Conduct.
Take personal responsibility for embedding the highest standards of ethics, including regulatory and business conduct, across Standard Chartered Bank. This includes understanding and ensuring compliance with, in letter and spirit, all applicable laws, regulations, guidelines and the Group Code of Conduct.
Lead the [Singapore CPBB International Banking Team] to achieve the outcomes set out in the Bank’s Conduct Principles: [Fair Outcomes for Clients; Effective Financial Markets; Financial Crime Compliance; The Right Environment.]
Effectively and collaboratively identify, escalate, mitigate and resolve risk, conduct and compliance matters.
Key stakeholders
Treasury, Investment and Insurance Specialists, SCB China RMs.
Skills and Experience
Our Ideal Candidate
CMFAS Exams
Understands the core concepts, principles, processes or procedures of Wealth Management and Banking
Experience in Managing North Asia Market
Good understanding and command of Mandarin as the incumbent will be supporting Chinese market
3 years of experience applying this in typical situations on the job
Role Specific Technical Competencies
Agreed individual sales target
Agreed service standards to customers
Operation control and sales compliance
About Standard Chartered
We're an international bank, nimble enough to act, big enough for impact. For more than 170 years, we've worked to make a positive difference for our clients, communities, and each other. We question the status quo, love a challenge and enjoy finding new opportunities to grow and do better than before. If you're looking for a career with purpose and you want to work for a bank making a difference, we want to hear from you. You can count on us to celebrate your unique talents and we can't wait to see the talents you can bring us.
Our purpose, to drive commerce and prosperity through our unique diversity, together with our brand promise, to be here for good are achieved by how we each live our valued behaviours. When you work with us, you'll see how we value difference and advocate inclusion.
Together we:
Do the right thing and are assertive, challenge one another, and live with integrity, while putting the client at the heart of what we do
Never settle, continuously striving to improve and innovate, keeping things simple and learning from doing well, and not so well
Are better together, we can be ourselves, be inclusive, see more good in others, and work collectively to build for the long term
What we offer
In line with our Fair Pay Charter, we offer a competitive salary and benefits to support your mental, physical, financial and social wellbeing.
Core bank funding for retirement savings, medical and life insurance, with flexible and voluntary benefits available in some locations.
Time-off including annual leave, parental/maternity (20 weeks), sabbatical (12 months maximum) and volunteering leave (3 days), along with minimum global standards for annual and public holiday, which is combined to 30 days minimum.
Flexible working options based around home and office locations, with flexible working patterns.
Proactive wellbeing support through Unmind, a market-leading digital wellbeing platform, development courses for resilience and other human skills, global Employee Assistance Programme, sick leave, mental health first-aiders and all sorts of self-help toolkits
A continuous learning culture to support your growth, with opportunities to reskill and upskill and access to physical, virtual and digital learning.
Being part of an inclusive and values driven organisation, one that embraces and celebrates our unique diversity, across our teams, business functions and geographies - everyone feels respected and can realise their full potential.
Recruitment Assessments
Some of our roles use assessments to help us understand how suitable you are for the role you've applied to. If you are invited to take an assessment, this is great news. It means your application has progressed to an important stage of our recruitment process.
Visit our careers website www.sc.com/careers","Product Knowledge
Wealth Management
Market Trend Analysis
Client Acquisition
Sales Management
Customer Relationships
Relationship Management
Risk Management
Trend Analysis
Customer Acquisition
Retail Banking
Product Management
Process Management
Financial Analysis
Banking
Stakeholder Management"
https://www.mycareersfuture.gov.sg/job/sales/sales-manager-65757-anradus-c30004a3ea30a8a83056d5d63b551d8c?source=MCF&event=Search,Sales Manager (Export) #65757,,"Permanent, Full Time",Manager,5 years exp,"Sales / Retail, Others","$7,200to$7,500","Job Description
Industry/ Organization Type: Manufacturing (Food Ingredients)
Position Title: Sales Manager (Export) / Regional Sales Manager
Working Location: Tai Seng (Walking Distance from MRT)
Working Hours: 5 days (8.30 AM – 5 PM)
Salary Package: Basic Salary up to $7,500 + AWS + Variable Bonus
Duration: Permanent Role
Key Responsibilities
New sales generation and maintenance of current sales through proactive promotion of new items, development of new customers, customer relationship building, and keeping abreast with competition and developments in the market.
Develop product knowledge and selling proposition for products.
Develop, control, and direct the sales strategy in the designated region for profitable sales growth.
Plan, develop, coordinate, and execute sales policies and programs.
Manage the activities of the appointed distributors in the region to ensure they are focused on expanding the customer base and seeing to customers' needs by providing quality service.
Provide strategic input in the planning process, as well as information on markets, trends, competitors and opportunities.
Achieve sales targets.
Conduct internal coordination with Customer Service and Technical teams to support our customers and distributors in the region.
Organize meetings, product trials and demos.
Any other ad-hoc duties as required.
APPLY NOW!!!
Degree/Diploma in Food Science or related discipline
Minimum 5 years of experience as a Sales Manager/Key Accounts Manager or related
Candidates with experience dealing with overseas distributors/customers in the Asia/Southeast Asia region have an added advantage
Knowledge of Meat Processing and QSR Markets are preferred
Kindly apply through ANY of the following methods:
Submit your application by clicking the APPLY button;
Email your resume to Job(at)anradus.com.sg. Kindly indicate #65757 on the email subject.
Anradus Application Policy: We value each application and ensure every resume is reviewed. Our process is efficient, typically concluding within 3 working days. If you do not receive communication from us within this timeframe, it’s likely that your application has not been shortlisted by our client. In such cases, we recommend continuing your job search to maximize your opportunities.
Anradus Pte Ltd | EA License No. 20C0161 | Angel Lim | EA Reg No.: R1769781","Product Knowledge
Customer Relationship
Sales
Ingredients
Selling
Trials
Food Science
Customer Service
Job Search
Manufacturing"
https://www.mycareersfuture.gov.sg/job/healthcare/diagnostic-radiographer-dx-imaging-61f0a136643e6856b5c4ae1efe1b4051?source=MCF&event=Search,DIAGNOSTIC RADIOGRAPHER,,"Permanent, Full Time",Senior Executive,3 years exp,"Healthcare / Pharmaceutical, Medical / Therapy Services","$5,000to$8,000","Job Description

1. Patient Interaction:
Greet and communicate with patients to explain procedures and address any concerns.
Ensure patient comfort and safety during imaging procedures.
2. Equipment Operation:
Conduct daily QC tests and document results.
Operate and calibrate radiographic equipment, including X-ray machines, CT scanners, and MRI machines.
Position patients correctly for imaging procedures to obtain optimal results.
Adjust equipment settings to achieve the best possible images while minimising radiation exposure.
3. Image Capture and Processing:
Capture diagnostic images according to physician's orders and centre protocols.
Ensure image quality meets established standards.
Process and enhance images using computer software for accurate interpretation by radiologists.
Submit the reject analysis to the Section Leader.
4. Documentation:
Maintain accurate and detailed patient information records, procedure documentation, and image files.
Adhere to regulatory and compliance standards in record-keeping.
5. Radiation Safety:
Implement and enforce radiation safety measures to protect patients, staff, and self.
Monitor and adhere to HCA and the NEA on radiation safety guidelines.
6. Collaboration:
Collaborate with radiologists and other healthcare professionals to discuss imaging results and assist in patient care decisions.
Work closely with administrative staff to schedule appointments and manage patient flow.
7. Quality Assurance Management (QAM):
Participate in quality control and quality assurance management to ensure the reliability of imaging equipment and the accuracy of diagnostic images.
8. Professional Development:
Stay updated on imaging technology and techniques advancements through continuous education and training.

Requirements
Degree in Radiography from a recognized institution or equivalent.
At least 3 years relevant experience.
Allied Health Professions Council (AHPC) registered.
Mature and possess a strong sense of commitment and dedication.
Able to work in a team or independently with minimum supervision.
Able to present a professional image and deliver top-quality customer service.","Medical Imaging
Patient Care
Quality Control
Image Processing
Mammography
Quality Assurance
Quality Improvement
Healthcare
Infection Control
Radiation Safety
MRI
Patient Safety
Compliance
Radiation Protection
Radiation
Team Player
Screening
Radiology
Radiography
Angiography"
https://www.mycareersfuture.gov.sg/job/sales/business-development-director-people-profilers-32c378ad4fe25c4f179f119805453782?source=MCF&event=Search,Business Development Director,,Full Time,Senior Management,8 years exp,Sales / Retail,"$15,000to$23,000","1. Existing MNO Partner Management across the Asia-Pac/Oceania region:
a. Manage regular, timely and professional communications with our key touch-points within existing partners.
b. Build and maintain trusted relationships with partners at multiple levels, teams and points-of-contact.
c. Manage ongoing re-negotiation of commercial terms based on s business requirements, strategy and ‘local’ market execution planning across Asia-Pac.
d. Drive and negotiate service enhancements with partners based on business priorities.
e. Be the key engagement enabler to effectively-manage liaison between Partner Technical team and Core Network team to plan, schedule and manage service improvement initiatives or upgrade projects. Examples of engagements will include;
f. Facilitate three-way Meetings involving. Manage an efficient and professional programme of communications with MNO Partners across Asia-Pac via Email, Phone, Conference/Video Calls and frequent F2F meetings.

2. Execute on New Partner Acquisitions & Launches across Asia-Pac/Oceania:
a) Acquire new Partners in line with a prioritised roll-out plan including the negotiation of cost-effective commercial agreements.
b) Manage our existing and established Partners which will require a strong relationship building competence and an ability to drive towards future outcomes and the protection of Cubic's strategic/commercial/technical/coverage interests.
c) Supporting Partner Launches across the process, integrations, commercial agreements and operational management.
d) Other additional Wholesale responsibilities and internal support requirements as deemed necessary by the business.

3.Partner Contracts, Setup & Operational Management:
Co-ordinate all contract documents and setup process for Roaming Agreements and Agreements Wholesale/Roaming - DCF/FCH/Reporting","Negotiation
Market Research
Account Management
Leadership
Business Acumen
Rollout
Administration
Selling
Strategy
Core Network
Partner Management
Business Development
Acquisitions
Pricing
Strategic Partnerships
Business Requirements"
https://www.mycareersfuture.gov.sg/job/general-work/part-time-cleaner-65949-anradus-c24ef770e1d1cf16a128d618797ffd57?source=MCF&event=Search,Part-Time Cleaner #65949,,"Part Time, Permanent",Fresh/entry level,No exp required,"General Work, Others","$1,399to$1,400","Job Description
Industry/ Organization Type: Manufacturing/Industrial Machinery
Position Title: Cleaner (Part-Time)
Working Location: Tuas
Working Hours: 5 days, Mon – Friday (1 pm – 6 pm)
Salary Package: Salary $1,400
Duration: Part-Time
Key Responsibilities
Perform general cleaning duties.
Clean and sanitize office spaces, workshop areas, kitchen areas, toilets and other designated spaces.
Empty trash bins as needed.
Monitor and replenish cleaning supplies as necessary.
Adhere to a regular cleaning schedule as outlined by the supervisor.
Cooperate with other staff members and perform additional tasks as assigned.
APPLY NOW!!!
Proven experience as a cleaner or similar role.
Knowledge of cleaning chemicals and supplies.
Good physical stamina and the ability to stand for extended periods.
Kindly apply through ANY of the following methods:
Submit your application by clicking the APPLY button;
Email your resume to Job(at)anradus.com.sg. Please indicate #65949 on the email subject.
Anradus Application Policy: We value each application and ensure every resume is reviewed. Our process is efficient, typically concluding within 3 working days. If you do not receive communication from us within this timeframe, it's likely that your application has not been shortlisted by our client. In such cases, we recommend continuing your job search to maximize your opportunities.
Anradus Pte Ltd | EA License No. 20C0161 | Angel Lim | EA Reg No.: R1769781","Microsoft PowerPoint
Microsoft Office
Microsoft Excel
Strong Attention To Detail
Teaching
Social Media
Housekeeping
Selling
Cashiering
Communication Skills
Team Player
Customer Service
Facebook
Job Search
Able To Work Independently"
https://www.mycareersfuture.gov.sg/job/admin/customer-digital-outreach-coordinator-delcies-desserts-cakes-8889a2dc0946a813089d490e2b48b9b6?source=MCF&event=Search,Customer & Digital Outreach Coordinator,,Full Time,Executive,1 year exp,"Admin / Secretarial, Customer Service, General Management, Sales / Retail, Wholesale Trade","$1,600to$2,000","About Us:
At Delcie's Desserts & Cakes, we are more than just a bakery—we are pioneers in crafting guilt-free, health-conscious desserts that cater to various dietary needs. As the first vegan and allergy-friendly bakery in Singapore, our mission is to bring joy to everyone, regardless of their dietary restrictions. We're looking for a passionate and driven individual to join our team and help us take our customer outreach to the next level.

Position Overview:
As a Customer & Digital Outreach Coordinator, you will be the primary point of contact for our customers, ensuring they have a delightful experience from inquiry to purchase. You will manage our communication channels, create engaging content, and help us expand our reach both locally and internationally.

Key Responsibilities:
Manage and respond to customer inquiries via WhatsApp and email with prompt and professional communication.
Plan and activate new customer engagement channels to enhance our outreach.
Oversee all our existing online sales channels, including our website, and ensure they are optimized for customer satisfaction.
Write compelling email marketing campaigns (EDMs) that resonate with our audience and drive engagement.
Generate and nurture leads through targeted outreach strategies.
Identify and develop new international channels to expand our global footprint.
Requirements:
Proven experience in customer service, digital outreach, or a related field.
Excellent communication skills, both written and verbal.
Strong organizational skills and the ability to manage multiple tasks effectively.
Experience with email marketing platforms and e-commerce management is a plus.
Passionate about healthy living, food, and customer experience.
A proactive, can-do attitude and a knack for problem-solving.
Why Join Us?
Training will be provided.
Work from home opportunities with minimum twice week requirement to work in office.
5.5 days work week.
Be part of a pioneering team in the health-conscious dessert industry.
Opportunity to make a real impact on the lives of customers with dietary restrictions.
Collaborative and supportive work environment.
How to Apply:
If you're passionate about building relationships and creating new programs, and you want to be part of a team that’s making a difference to build a healthier nation for our future generations, we’d love to hear from you!","CRM
Lead Generation
Excellent Communication Skills
Sales
Monitor shipments
Microsoft Office
Customer Experience
Interpersonal Skills
Customer Engagement
Email Marketing
Canva
Sales Process
B2B
Communication Skills
Administrative Support
Customer Satisfaction
Customer Service
Business Development
Able To Work Independently"
https://www.mycareersfuture.gov.sg/job/information-technology/senior-associate-supply-chain-clean-energy-singapore-google-asia-pacific-d4bdf5d008baf75df13e4be308f548bf?source=MCF&event=Search,"Senior Associate, Supply Chain Clean Energy - Singapore",,Full Time,Professional,4 years exp,Information Technology,"$7,700to$15,400","Product area
Google Cloud accelerates every organization’s ability to digitally transform its business and industry. We deliver enterprise-grade solutions that leverage Google’s cutting-edge technology, and tools that help developers build more sustainably. Customers in more than 200 countries and territories turn to Google Cloud as their trusted partner to enable growth and solve their most critical business problems.
Job description
Google's infrastructure needs go far beyond server computers. As Google's products and services scale the globe, the Strategic Negotiation team works behind the scenes to secure infrastructure for Google's future -- everything from underwater cables to physical data center space. As a Strategic Negotiator, you combine your deep market knowledge of a given sector with tech industry savvy to negotiate cost-effective solutions to support Google's infrastructure growth. You'll work with specific project teams on negotiating deals, managing vendor and partner relationships and presenting deal recommendations to our Tech leadership. Your successful negotiations have the potential to save Google millions of dollars in operating costs and impact every part of the business.
Qualifications
Job responsibilities
Support Google's Net Zero goals in APAC by driving decarbonization strategy and increasing adoption of clean energy in Google's supply chain operations.
Contribute to policy and advocacy work in APAC markets where Google has a scope 3 footprint.
Scale supplier clean energy programs and supplier education and capability building programs.
Minimum qualifications
Bachelor's degree or equivalent practical experience.
4 years of experience managing projects or supporting the planning and development of business agreements.
Experience in the energy field with specific focus on corporate clean energy procurement, sustainability, or supply chain decarbonization programs.
Preferred qualifications
Experience with power transmission and distribution, telecommunications infrastructure, data center technology, industrial-class electrical and cooling technology, or other related technical areas.
Experience with technical topics related to energy and climate.
Experience managing utility agreements and energy-related issues. Experience in financial modeling and implementing clean energy initiatives.
Experience in indirect taxes, economic development policy, infrastructure development, agreement drafting, and presentation development. Experience with data center real estate markets.
Ability to think outside the box and propose commercially and technically creative solutions.
Ability to comfortably work in ambiguous, collaborative, and fast-paced environments.","Negotiation
Sustainability
Leadership
Data Center
Supply Chain
Electrical
Procurement
Climate
Advocacy
Financial Modeling
Economic Development
Telecommunications
Google Cloud
Real Estate
Transmission"
https://www.mycareersfuture.gov.sg/job/environment/nurse-pmgpo-46b2f04f8c4414b5878456bd54769d86?source=MCF&event=Search,Nurse,,Full Time,Professional,2 years exp,"Environment / Health, General Work, Healthcare / Pharmaceutical, Information Technology, Medical / Therapy Services","$2,800to$4,200","Our Nurse will be responsible for coordinating, directing, and evaluating of patients’ care and treatment to ensure best clinical outcome and excellent premium patient’s care.

Job Responsibilities:
Enforce compliance to clinical standards of care and professional code of conduct
Facilitate clinical faculty development to support clinical learning
Assist the Doctor in the operating theatre and specialist clinic
Act as a liaison between patients and doctors to ensure that all essential medical communications are clear and accurately converted
Administrative support to ensure smooths and efficiency of daily clinic operation
Evaluate the quality and appropriateness of nursing care of patients with complex healthcare needs, including documentation, and make appropriate changes in nursing care delivery in collaboration with the doctors and the nursing team
Other ad-hoc task assigned by the Doctor and the Head of Clinical Operations.

Job Requirements
Diploma/Degree Qualification in Nursing
Orthopaedic / Operating theatre experience will be advantage
General Registration with SNB is preferred
Enrolled Nurse with years of experience/degree in Nursing may also be considered","ICU
Theatre
Treatment
Healthcare
Infection Control
Photos
Clinical Operations
Medical Communications
Compliance
Administrative Support
Nursing
Faculty Development
Accent
Nursing Care
BASIC
Directing"
https://www.mycareersfuture.gov.sg/job/logistics/business-analyst-assistant-manager-recruitpedia-6a2573f6796dfe581144bd279bc27496?source=MCF&event=Search,Business Analyst Assistant Manager (PowerBI),,"Permanent, Full Time",Manager,3 years exp,Logistics / Supply Chain,"$5,000to$6,000","Our client is a well-established MNC, market leader in the 3PL Logistics industry. Due to their current expansion plan, they are looking for Business Analyst Assistant Manager to join their warehouse team, in hopes of developing the current high performing team. They are located in the East - easily assessible.

Responsibilities Business Analyst Assistant Manager:
Performing data analysis and validation tasks as required.
Employing Python, R, VBA, PowerAutomate, and other software to automate comprehensive scorecard reports across diverse business sectors.
Crafting and managing several Power BI data visualizations for day-to-day activities, key performance indicators (KPIs), and financial assessments.
Creating PowerApps to collect crucial data currently lacking, with a focus on boosting efficiency, justifying costs, and identifying anomalies.
Offering technical support and resolving platform issues.

Requirements:
Min Degree in related study with min 2 - 3 years of relevant experience (dealing with different business unit)
Proficient in automation tools such as PowerBI, Tableau and VBA
Good communication and presentation skills

Interested candidates who wish to apply for the advertised position, please click APPLY NOW or email an updated copy of your resume/cv.
We regret that only shortlisted candidate will be notified.
Email: jobs@recruitpedia.sg

Recruitpedia Pte. Ltd.
EA License No. 19C9682
EA Reg. No. R2198636 (Oh Puey Xin)","Tableau
Account Management
Warehousing
Leadership
Data Analysis
3PL
Supply Chain
Automation Tools
Fast-paced
VBA
PowerBI
Python
Teamoriented
Monitor Budgets
Presentation Skills
Business Analyst
Customer Service
Power BI
People Management
Technical Support"
https://www.mycareersfuture.gov.sg/job/logistics/warehouse-manager-3pl-logistics-mnc-recruitpedia-ddab3984f30a781c39f66e6094be51d9?source=MCF&event=Search,Warehouse Manager (Power BI) 3PL Logistics MNC,,"Permanent, Full Time",Manager,8 years exp,Logistics / Supply Chain,"$6,800to$7,500","Our client is a well-established MNC, market leader in the 3PL Logistics industry. Due to their current expansion plan, they are looking for Warehouse Manager to join their warehouse team, in hopes of developing the current high performing team. They are located in the East - easily assessible.

Responsibilities:
Manage and oversee operations across three sites with more than 150 employees.
Provide strategic leadership for daily warehouse operations.
Ensure compliance, meet customer expectations, and achieve KPIs.
Accountable for P&L performance and managing budgets.
Define operational requirements and implement new strategies.
Engage customers on operational and contract matters.
Enforce security and safety measures in the warehouse.
Monitor budgets and resource allocation.
Seek continuous improvement opportunities.
Foster a culture of best practices and staff motivation.
Provide on-the-job training and ensure inventory accuracy.
Maintain storage areas and uphold quality standards.
Drive yearly improvement commitments and handle other duties as needed.
Requirements:
Min Diploma holder
Min 5 years in warehouse managerial position
Proficient in Microsoft Office and Power BI
Good communication and presentation skills
Interested candidates who wish to apply for the advertised position, please click APPLY NOW or email an updated copy of your resume/cv.
We regret that only shortlisted candidate will be notified.
Email: jobs@recruitpedia.sg

Recruitpedia Pte. Ltd.
EA License No. 19C9682
EA Reg. No. R2198636 (Oh Puey Xin)","Tableau
Account Management
Warehousing
Budgets
Leadership
Microsoft Office
Warehouse Management
3PL
Workplace Safety
Inventory
Supply Chain
Fast-paced
Teamoriented
Monitor Budgets
Presentation Skills
Customer Service
Power BI
Able To Work Independently
People Management"
https://www.mycareersfuture.gov.sg/job/food-and-beverage/fb-supervisor-pdk-cb41621dd4792bc34eb55886aa5bf35b?source=MCF&event=Search,F&B SUPERVISOR,,Full Time,Manager,1 year exp,F&B,"$5,100to$7,200","Job Description and Requirements

Roles and Responsibilities

Responsibilities:

· Responsible for staff scheduling, including work assignments/employee breaks.

· Responsible for managing store hygiene

. Cashier at the front desk and assist with serving dishes

· Plan and execute activities to improve efficiency, quality and reduce waste.

· Perform production resource planning based on logistics planning, order volume and inventory management for each store.

Requirements:

. Experienced F&B SUPERVISOR

· At least 2 years of relevant F&B work experience

· Able to start work immediately or in a short period of time.

· Proficient in English and Mandarin, able to communicate with guests.","Microsoft Office
Quality Control
Food Safety
Cooking
Interpersonal Skills
Food Quality
Inventory
Investigation
Sanitation
Inventory Management
Cashiering
Articulate
Customer Service
Scheduling
Hospitality"
https://www.mycareersfuture.gov.sg/job/telecommunications/leadsenior-4g5g-engineer-star-career-consulting-45f18429f6d89fe87ed4712dc9e165b9?source=MCF&event=Search,Lead / Senior 4G / 5G Engineer(RF),,"Permanent, Full Time",Senior Executive,5 years exp,Telecommunications,"$6,000to$8,000","Our esteem client is looking for a Lead/Senior Engineer to conduct and lead design reviews with customers and lead project implementation till commissioning.


Responsibilities:
To conduct and lead design reviews for Outdoor and Indoor radio system design for 4G/5G communication systems and mission critical communications system
Lead in full project lifecycle - Project implementation project planning, costing and procurement practices, system commissioning.
Liaise with customer and various stakeholders to ensure prompt completion of OSAT, RAT and Commissioning
Requirements:
Diploma/Degree in Electronics/Electrical Communication Engineering
Experience in site planning, and Wireless technology (TETRA/LTE/5G)
Experience in implementation of the mission critical radio communication or Wireless communications system projects
Able to lead and present in review meetings with customers

We respect your privacy and all communication will be treated with confidentiality.
If you have meet the job requirements that we are looking for or wish to find out more on this role, please contact us or apply in-confidence to us with your updated resume in MS Words format to : kelvin@starcareerconsulting.com

*Only shortlisted candidate will be notified.

Lee Kelvin No. R1872625)
STAR CAREER CONSULTING PTE. LTD (EA License: 20C0353)","Site Planning
Site and Factory Acceptance Testing Management
Project Planning
Wireless
customer acceptance tests
Procurement
Telecommunications Management
System Design
Telecommunications
User Acceptance Testing
Consulting
LTE
Wireless Communications Systems
Radio Frequency Engineering
Commissioning"
https://www.mycareersfuture.gov.sg/job/information-technology/software-engineer-gmp-technologies-2fff1a42fde3b8bb3b4aa9d7541a2b7c?source=MCF&event=Search,Software Engineer (C++ / VC++ / Automation),,"Permanent, Full Time",Junior Executive,2 years exp,Information Technology,"$4,500to$5,000","Responsibilities:
Software design, coding, testing, debugging and validating
Software development and implementation for high-speed automated equipment
Evaluating and establishing system performance and specifications
Provide software technical support to a team of field service engineers
Software maintenance of existing equipment

Requirements:
Degree in any Engineering discipline with minimum 3 years of experience in software development in the automation / semiconductor industry
Strong programming skills in C / C++
Must have good hands-on experience in programming multi-threaded windows application using Visual C++
Good knowledge of electronic components, motion control and interfacing with inspection systems
Strong Mathematical and Algorithmic development skills
Proficient in English (both written and spoken)

Additional info:
Travel overseas for field support when required
Supporting overtime when necessary

To apply, please visit www.gmprecruit.com and search for Job Reference: 24877

To learn more about this opportunity, please contact Yingying at yingying.lai@gmprecruit.com

We regret that only shortlisted candidates will be notified.

GMP Technologies (S) Pte Ltd | EA Licence: 11C3793 | EA Personnel: Lai Yingying | Registration No: R1110239","windows application development
electronic components
Semiconductor Industry
SDLC
Motion Control
Product Development
C#
Software Development
Visual C++
C++"
https://www.mycareersfuture.gov.sg/job/accounting/accounts-assistant-cs-inservio-3ada325b2fba09bf9280d3f22c376b0d?source=MCF&event=Search,Accounts Assistant,,Full Time,Fresh/entry level,No exp required,"Accounting / Auditing / Taxation, Admin / Secretarial, Customer Service","$1,800to$2,500","Accounts Assistant
Duties
Liaising with clients to obtain supporting documents for the preparation of the management accounts.
Process payroll transactions, monthly CPF submission on behalf of client
Performing monthly bank reconciliations.
Assist in processing invoices, payments, and receipts.
Reconcile accounts and handle discrepancies in a timely manner.
Handle general clerical duties such as filing, answering phone calls, and managing correspondence related to the accounting department.
Assist Account Manager with daily tasks
Discuss issues with Director / Supervisor
Other ad hoc duties
Requirements
CAT/LCCI/Diploma/Degree in Accountancy
Fresh Grad Welcomed - Fresh School Leavers Welcomed
Proficient in MS Office , or any accounting software
Those with practical experience or pursuing an ACCA course are also welcome.
Have a positive work attitude with good communication skills, proactive with problem-solving skills, and able to work under pressure to meet a tight timeline.
Proficient in English and Mandarin as to liaise with clients.","Accounts Payable
Microsoft Office
Microsoft Excel
Tax
ACCA
Payroll
Data Entry
Bank Reconciliation
MS Office
Accounts Receivable
Accounting
Good Communication Skills
Audit"
https://www.mycareersfuture.gov.sg/job/food-and-beverage/full-time-in-charge-stella-desserts-pasir-ris-central-hawker-centre-jjl-solutions-b80ec6d223aa24ed2ead32eafae5bd02?source=MCF&event=Search,Full time In-Charge for Stella Desserts - Pasir Ris Central Hawker Centre,,"Part Time, Full Time",Executive,1 year exp,"F&B, Sales / Retail","$2,300to$2,500","Description
Job Responsibilities:
a. Prepare and cook delicious Desserts for our customers
b. Provide excellent service to our customers
c. Keep the outlet clean and tidy
Job Requirements:
a. Able to communicate in English
b. 6 days work week
c. Willing to work on weekends and holidays
d. No experience necessary
Additional Details:
a. Probation of one month
Benefits:
a. Annual leave: 12 days (inclusive of public Holidays)
b. Career Progression
c. Birthday Benefits
Stella Desserts Stall
Having over 30 years of experience in the hawker industry, veterans are looking into expansion and teaching the young and aspiring hawkers the ropes.
It is both challenging and rewarding to be in the food industry. Positive work environment and opportunities for career progression are in placed when you join us. Anyone who are interested, we invite you to apply and join our team.","Teaching
Serve food
Food Quality
Food Industry
Food Retail
Food hygiene
Food & Beverage
food sales
Team Player
Customer Service"
https://www.mycareersfuture.gov.sg/job/banking-finance/technical-delivery-manager-d-l-resources-c28cb062558f4d388d10e635322dce29?source=MCF&event=Search,Technical Delivery Manager (Private Bank - Temenos TAP),,"Contract, Full Time",Manager,10 years exp,"Banking and Finance, Information Technology","$10,000to$15,000","Job Objectives
1. Technical Delivery Manager (TDM) is responsible for Technical delivery of projects spanning multiple upstream and downstream applications. Delivering projects with Bank's project SDLC guidelines while managing issues, risks, dependencies and project change will be core competencies to the role.

2. TDM is responsible to ensure that project produces the required deliverables with quality as per the defined functional and non-functional requirements, within the specified boundaries of time and cost

Key Responsibilities
· Coordinate preparation of technical project plan for ITC, reporting to Lead TDM
· Manage Pre ITC activities for existing enhancement and new system implementation
· Manage project Business and Technology stakeholders, e.g., escalation, expectation, conflict, scope changes, etc.
· Anticipate, capture and manage overall implementation level risks and issues, track risk aging
· Own and drive resolution and escalate risks and issues in a timely manner
· Prepare overall implementation plan taking inputs from all stakeholders including technology. business, operations and co-ordinate execution by respective application teams
· Partner with stakeholders in ensuring System Development Methodology is followed
· Measure, monitor and report implementation progress to stakeholders
· Review and assess changes and impact to timeline & cost
· Key point of contact for all RFP related tasks and requirements
· Secretary for PWC meetings and PW workshops for their module/project
· Ensure teams work in a collaborative environment
· Manage all changes to the agreed scope of work

Key Requirements
· At least 5 years’ Experience of multi-country Private Banking system implementation/projects
· Private bank functional and technical understanding is must
· Temenos TAP platform knowledge is must
· At least 8-10 years of experience in every stage of software development lifecycle. Relevant Technical & PM certification will be plus including knowledge of technologies like J2EE, Oracle, Unix, MQ etc
· Experience in effective planning, execution, monitoring End-to-end technical activities and reporting to senior management
· Experience in managing Technology vendor and Business stakeholders and have appreciation of local IT regulations
· Highly effective communicating with technical and non-technical stakeholders.
· Good problem solving and analytical skills
· Degree in computer science or related professional/technical qualification will be advantageous although not mandatory","System Implementation
UAT
TDM
Application Security
Oracle
Temenos T24
Change Management
Service Management
Problem Solving
Private Banking
Upstream
Unix
SDLC
Technical Delivery
User Acceptance Testing
System Integration Testing
Disaster Recovery
J2EE
Conflict
Software Development"
https://www.mycareersfuture.gov.sg/job/human-resources/hr-business-partner-leader-global-business-solution-singapore-bytedance-205a8fda4bd182d0e9cb785440ab1072?source=MCF&event=Search,HR Business Partner Leader - Global Business Solution - Singapore,,Full Time,Middle Management,5 years exp,Human Resources,"$11,000to$20,000","ByteDance will be prioritizing applicants who have a current right to work in Singapore, and do not require ByteDance sponsorship of a visa.

About ByteDance
Founded in 2012, ByteDance's mission is to inspire creativity and enrich life. With a suite of more than a dozen products, including TikTok as well as platforms specific to the China market, including Toutiao, Douyin, and Xigua, ByteDance has made it easier and more fun for people to connect with, consume, and create content.

Why Join Us
Creation is the core of ByteDance's purpose. Our products are built to help imaginations thrive. This is doubly true of the teams that make our innovations possible. Together, we inspire creativity and enrich life - a mission we aim towards achieving every day. To us, every challenge, no matter how ambiguous, is an opportunity; to learn, to innovate, and to grow as one team. Status quo? Never. Courage? Always. At ByteDance, we create together and grow together. That's how we drive impact - for ourselves, our company, and the users we serve. Join us.

About the Team
ByteDance is seeking a Human Resources Business Partner (HRBP) to support our Global Business Solutions Team. This highly visible role aims to provide strategic partnership and consultation to the growing Global Business Solutions Team. This is a full-time role located in Singapore.

Specifically, you will:
- Consult with business leaders to translate business strategies and objectives into an HR roadmap; garner support and identity ownership for that roadmap; establish regular meeting cadence to advise/inform leaders of progress and further transparency throughout the organization.
- Coach leaders on people-related matters including talent assessment, development and succession; organization effectiveness, and high-performing team dynamics.
- Proactively manages and resolves complex employee relations issues and legal risk; ensure manager and employee compliance with company policies and procedures, and governmental regulations, partner with legal departments to support investigations as needed.
- Provide guidance and assist in the implementation of business restructures, workforce planning and headcount modeling.
- Enhance employee development & management throughout the year by providing coaching, mentoring and timely feedback; execute a goal-setting agenda with 360 performance evaluations and oversee the formal performance review and calibrations process.
- Measure and monitor trends and the impact of key HR metrics and dashboards to drive HR needs planning.
- Leverage the COEs (HR Centers of Excellence) to develop and implement programs which foster employee engagement, D&I and success.
- Coach, develop, and guide a team of HR Business Partners.

Qualifications
Minimum Qualifications
- 5+ years of Human Resources Business Partner in a global team and high-growth company.
- Prior experience supporting and working in a tech business environment.
- Prior experience supporting sales or commercial teams as a Human Resources Business Partner.
- 2+ years of experience managing HR Business Partners.
- BA/BS degree required.

Preferred Qualifications
- Demonstrated progression and increased scope in matrix, high-growth organizations.
- Deep business acumen and the executional know-how of building and growing businesses through the ongoing development and support of its people.

ByteDance is committed to creating an inclusive space where employees are valued for their skills, experiences, and unique perspectives. Our platform connects people from across the globe and so does our workplace. At ByteDance, our mission is to inspire creativity and enrich life. To achieve that goal, we are committed to celebrating our diverse voices and to creating an environment that reflects the many communities we reach. We are passionate about this and hope you are too.","Coaching
Mentoring
Sponsorship
Assessment Development
Modeling
Dynamics
Workforce Planning
Business Acumen
Transparency
Employee Engagement
Cadence
Talent Assessment
Human Resources
Employee Relations"
https://www.mycareersfuture.gov.sg/job/admin/operationsadmin-executive-4000-better-ef117bb45fc4d949b3a69690afa6a512?source=MCF&event=Search,Operations / Admin Executive (General Insurer) - up to $4000,,"Permanent, Full Time",Executive,1 year exp,"Admin / Secretarial, Insurance","$3,000to$4,000","Responsibilities:
Assist corporate clients and intermediaries on policy renewal and/or endorsement requests.
Provide quotation in accordance with Company’s underwriting guidelines.
Analyse monthly premium income for department reporting purpose.
To assist Accounts department in premium collection including fronting policies.
To establish customer benefit services with vendors.
Provide customer service to corporate clients on their enquiries, requests, complaints and claims matters.
Provide strong client servicing to existing corporate clients.
Assist the department in planning renewal strategies for corporate clients.
Prepare referral form, issue Cover Notes and collect of premiums.
Ensure clients’ database is well maintained and kept updated at all times.
Participate in improvement project or risk survey, if necessary.
Other duties that are assigned from time to time.

Job Requirements:
Diploma/Degree holder with at least 1 year of administrative experience in the insurance industry.
CGI, BCP and PGI certificates are highly desirable.
Enjoy working in a team-based environment.




A Better Co Pte. Ltd | EA Licence: 24C2350 | Jerlin Aw Bi Zhi (R1218675)","Administration
MS Word
Underwriting
Compliance
Good Communication Skills
Attention to Detail
General Insurance
Excel
Team Player
Customer Service
General admin"
https://www.mycareersfuture.gov.sg/job/engineering/sales-manager-mill-tech-fabrication-b9058872e1945699ca125621f6308b3d?source=MCF&event=Search,Sales Manager,,Full Time,Manager,3 years exp,"Engineering, Manufacturing, Precision Engineering","$3,800to$4,200","Responsibilities:
· Responsible for prospecting, managing & maintaining good relationships with customers.
· Developing new accounts and working with relevant parties for lead flow generation.
· Preparation of Quotations
Requirements:
· Diploma in ITE / Diploma in Mechanical, Precision Engineering or equivalent
· Sales & Marketing with 3 years sales experience in Sheet Metal / Metal Structure fabrication
· Good communication skills
· Results-oriented, meticulous, responsible with strong analytical, organizational, multi-tasking and follow-through skills are key success to this role.
· Out-going, sociable and ability to work independently.
· 3A Driving License.
Salary: Open for nego","Negotiation
Sales
Ability To Work Independently
MetaL
Channel
Selling
Fabrication
Marketing
Sales Process
Good Communication Skills
Driving License
Sheet Metal
Presentation Skills
Business Development
Pricing"
https://www.mycareersfuture.gov.sg/job/human-resources/associate-director-hr-persolkelly-singapore-6328fcf34552a90edd76fd98daa555b3?source=MCF&event=Search,"Associate Director, HR (Public Sector) (Up to $11K)",,Permanent,Manager,8 years exp,Human Resources,"$8,000to$11,000","About the Role
As the Associate Director of Human Resources, you will report to the HR Director and serve as a generalist HR professional. You will partner closely with business units to address their manpower needs and manage the full spectrum of HR activities. You will also contribute to the development and implementation of HR policies and process improvements.

Key Responsibilities:
Talent Acquisition: Partner with hiring managers to identify, attract, and recruit top talent, ensuring a diverse and skilled workforce.
Performance Management: Advise and guide management and employees on performance-related issues, including talent decisions, succession planning, and performance management processes.
Compensation and Benefits: Manage and execute compensation and benefits programs, including payroll administration.
HR Analytics: Track and report on staffing, retention, attrition, and other relevant HR metrics. Analyze data to identify trends and recommend improvements.
Training and Development: Identify training needs and develop appropriate development opportunities for employees.
Employee Relations: Manage and resolve employee relations issues, ensuring a positive and supportive work environment.
HR Projects: Undertake projects related to HR and organizational transformation, driving positive change while adhering to company's culture and values.
Requirements:
Bachelor's degree with at least 8 years of relevant HR experience, preferably with a focus on HR partnering, performance management, and/or payroll.
Prior experience in the fund investment and/or public sector is advantageous.
Proven ability to collaborate effectively with various stakeholders.
Strong organizational and multitasking skills.
A team-oriented mindset with a commitment to continuous improvement.
Excellent written and verbal communication, interpersonal, and presentation skills.
Interested candidates who wish to apply for the advertised position, please click on “Apply”. We regret that only shortlisted candidates will be notified.

EA License No.: 01C4394 (PERSOLKELLY Singapore PTE LTD)

By sending us your personal data and curriculum vitae (CV), you are deemed to consent to PERSOLKELLY Singapore Pte Ltd and its affiliates to collect, use and disclose your personal data for the purposes set out in the Privacy Policy available at https://www.persolkelly.com.sg/policies. You acknowledge that you have read, understood, and agree with the Privacy Policy.","Attrition
Verbal Communication
Talent Acquisition
Multitasking Skills
Public Sector
Succession Planning
Administration
Payroll
HR Policies
Teamoriented
Presentation Skills
Human Resources
Employee Relations
Performance Management"
